User full name,Year,NoIP,Created,Deleted,Downloaded,Ended,Reset,Shown,Started,Submitted,Updated,Uploaded,Viewed,Holiday,Week 01,Week 02,Week 03,Week 04,Week 05,Week 06,Week 07,Week 08,Week 09,Week 10,Week 11,Week 12,Week 13,Week 14,Mean events,Max events,Min events,Total events,1st half sem,2nd half sem,Visit days,Events,Day events min,Day events max,Weekend days,Class days,Out days,Afternoon,Evening,Morning,Night,Class,Out,Frequency,Recency,T
10120,2018,22,3,,,1,,,3,3,,3,267,3,14,11,2,18,6,74,14,9,2,40,60,13,4,10,19.78571429,74,2,277,139,138,38,280,1,36,12,9,33,17,142,11,110,51,229,37,98,100
10155,2018,21,3,,,,,,2,3,,3,324,6,34,16,17,9,18,63,17,11,9,20,43,60,6,6,23.5,63,6,329,174,155,46,335,1,26,14,12,39,4,205,13,113,84,251,45,100,101
9889,2018,13,3,,,,,,2,3,,3,229,3,,19,3,,5,50,10,3,2,4,61,30,50,,21.54545455,61,2,237,87,150,39,240,1,25,9,8,33,77,58,4,101,61,179,38,84,93
10203,2018,57,5,,3,,,,2,5,2,5,463,,26,2,4,1,3,82,18,4,11,8,114,95,108,9,34.64285714,114,1,485,136,349,41,485,1,45,5,6,36,100,166,19,200,49,436,40,100,100
10153,2018,32,3,,,,,,2,3,,3,332,,3,28,22,15,31,88,14,5,10,6,47,19,48,7,24.5,88,3,343,201,142,43,343,1,43,7,11,41,62,133,13,135,65,278,42,100,101
10168,2018,26,6,1,,,,,2,4,,4,385,1,22,15,9,19,28,49,13,3,11,31,106,59,35,1,28.64285714,106,1,401,155,246,53,402,1,30,14,12,44,13,256,6,127,115,287,52,96,101
10201,2018,24,3,,1,,,,3,3,,3,311,10,13,34,14,,12,69,19,15,11,15,67,26,19,,26.16666667,69,11,314,161,153,53,324,1,20,11,9,47,39,143,,142,56,268,52,91,100
10151,2018,16,4,,3,,,,2,3,1,3,184,7,15,15,3,1,12,30,15,,7,15,34,14,7,25,14.84615385,34,1,193,91,102,33,200,1,29,6,13,21,,172,4,24,127,73,32,100,101
10130,2018,36,5,,1,,,,3,4,3,4,308,,5,21,18,,3,45,9,13,16,4,103,89,2,,27.33333333,103,2,328,101,227,40,328,1,40,7,10,34,37,211,,80,75,253,39,91,100
10184,2018,51,3,,1,1,,,2,4,2,4,743,12,23,34,24,12,53,86,73,16,5,50,162,102,57,51,53.42857143,162,5,748,305,443,71,760,1,46,18,11,66,71,311,80,298,119,641,70,103,104
10208,2018,28,4,,,1,,,2,5,1,5,630,2,4,14,,5,12,85,12,9,7,11,181,186,116,4,49.69230769,186,4,646,132,514,44,648,1,102,5,7,40,163,205,59,221,53,595,43,96,100
10215,2018,11,3,,1,,,,2,3,,3,110,,,11,,,3,15,,2,12,2,53,21,3,,13.55555556,53,2,122,29,93,16,122,1,23,3,6,11,13,54,8,47,43,79,15,84,93
10137,2018,9,3,,,,,,2,3,,3,157,,7,10,2,,3,52,2,8,9,5,41,27,2,,14,52,2,168,76,92,25,168,1,29,0,10,18,18,106,7,37,79,89,24,91,100
10204,2018,29,4,,,,,,2,5,1,5,256,,,12,,,6,49,14,5,8,18,102,33,21,5,24.81818182,102,5,273,81,192,30,273,1,35,6,6,25,118,44,1,110,77,196,29,88,92
10156,2018,14,4,,,,,,2,3,,3,164,1,4,7,3,1,2,54,10,3,3,2,40,28,15,3,12.5,54,1,175,81,94,27,176,1,25,2,12,18,15,130,,31,68,108,26,96,101
10163,2018,22,3,,,,,,2,4,2,4,292,,9,31,4,2,9,38,9,6,4,4,72,42,76,1,21.92857143,76,1,307,102,205,30,307,1,34,2,11,20,11,208,12,76,92,215,29,96,101
10173,2018,10,3,,,1,,,2,5,2,5,172,,7,23,,,2,49,2,2,3,6,78,6,12,,17.27272727,78,2,190,83,107,21,190,2,34,1,9,14,29,121,27,13,69,121,20,91,100
10131,2018,37,3,,,1,,,4,4,1,4,429,6,5,11,8,15,6,136,28,8,2,7,91,46,75,2,31.42857143,136,2,440,209,231,37,446,1,56,5,10,31,70,300,,76,83,363,36,100,100
10177,2018,15,3,,,,,,2,3,,3,158,,1,13,1,9,3,40,,10,8,12,48,20,4,,14.08333333,48,1,169,67,102,25,169,1,19,1,10,17,67,56,7,39,63,106,24,91,100
10186,2018,27,5,,,,,,2,4,1,4,310,,2,24,2,2,3,50,27,5,7,13,69,45,64,13,23.28571429,69,2,326,110,216,34,326,1,57,3,10,31,35,163,5,123,60,266,33,101,101
9886,2018,16,4,,,,,,2,3,1,3,213,9,,20,11,8,16,33,15,11,10,6,41,14,30,2,16.69230769,41,2,217,103,114,28,226,2,38,2,11,21,8,151,19,48,111,115,27,90,94
10124,2018,21,3,,1,1,,,2,4,1,4,294,,2,22,13,3,8,76,30,9,2,13,104,14,14,,23.84615385,104,2,310,154,156,34,310,2,41,4,11,25,28,148,5,129,97,213,33,92,101
10152,2018,35,5,,,,,,2,5,2,5,339,,3,29,10,12,38,52,20,12,10,18,74,32,40,8,25.57142857,74,3,358,164,194,47,358,1,32,7,11,41,42,189,11,116,87,271,46,100,101
10164,2018,17,3,,,,,,2,4,1,4,197,4,,7,18,2,4,55,8,4,8,2,49,37,13,,17.25,55,2,207,94,113,26,211,1,34,4,11,19,25,147,9,30,79,132,25,85,94
10200,2018,10,3,,1,3,,,3,3,,3,337,,13,9,,,42,101,2,4,7,51,90,7,18,9,29.41666667,101,2,353,167,186,30,353,2,39,6,7,27,77,215,,61,69,284,29,96,100
10148,2018,28,6,1,,,,,2,5,2,5,360,,11,41,18,3,17,71,12,10,3,14,73,76,18,14,27.21428571,76,3,381,173,208,38,381,2,34,4,11,32,133,98,43,107,113,268,37,96,100
10197,2018,25,4,1,2,1,,,2,4,4,4,322,,16,8,17,7,16,84,11,3,8,7,91,65,11,,26.46153846,91,3,344,159,185,33,344,1,33,5,9,29,67,139,28,110,66,278,32,92,100
16930,2018,10,3,,1,,,,2,3,,3,210,,7,8,,2,8,28,15,2,3,6,85,38,8,12,17.07692308,85,2,222,68,154,31,222,1,34,4,9,24,54,129,2,37,82,140,30,98,101
10180,2018,25,3,,1,,,,4,6,3,6,308,,8,28,12,3,23,67,8,15,2,2,100,42,21,,25.46153846,100,2,331,149,182,37,331,1,30,7,10,31,27,180,33,91,72,259,36,91,100
17038,2018,15,4,1,,,,,2,3,,3,140,,1,8,3,2,4,36,17,5,7,2,39,11,15,3,10.92857143,39,1,153,71,82,26,153,1,27,3,10,18,49,85,6,13,60,93,25,98,101
10127,2018,43,4,,2,,,,2,3,1,3,819,2,22,5,12,4,27,164,65,11,10,65,171,97,170,9,59.42857143,171,4,832,299,533,58,834,1,108,14,11,53,91,407,57,279,131,703,57,100,101
10193,2018,17,4,,,1,,,2,3,,3,236,,2,15,,,2,46,13,3,11,5,67,65,19,1,20.75,67,1,249,78,171,34,249,1,24,2,8,29,70,102,22,55,56,193,33,95,100
10128,2018,30,4,,,1,,,3,7,3,7,296,,1,19,,3,15,63,13,3,3,16,93,36,56,,26.75,93,1,321,114,207,27,321,1,31,4,9,21,34,210,1,76,60,261,26,91,100
10216,2018,14,3,,,1,,,2,3,,3,186,,6,16,8,3,10,32,5,9,5,27,62,9,6,,15.23076923,62,3,198,80,118,25,198,2,27,4,11,16,13,157,14,14,99,99,24,94,101
10169,2018,32,3,,,,,,3,3,,3,291,,6,22,9,2,32,56,8,12,3,30,71,24,26,2,21.64285714,71,2,303,135,168,37,303,2,28,6,9,33,24,143,6,130,77,226,36,96,101
15320,2018,7,3,,,,,,1,2,,2,220,,,28,,8,1,,5,10,17,26,46,84,,3,22.8,84,1,228,42,186,16,228,1,40,1,7,11,42,83,6,97,76,152,15,91,96
10132,2018,13,5,,,1,,,2,5,1,5,282,3,1,19,5,1,12,61,3,9,18,13,83,31,42,,22.92307692,83,1,298,102,196,33,301,1,35,3,12,26,36,130,2,133,90,211,32,92,101
17129,2018,21,4,,,1,,,3,3,,3,290,,7,11,7,,2,65,10,7,9,17,86,43,39,1,23.38461538,86,1,304,102,202,37,304,1,28,8,9,32,58,131,5,110,63,241,36,98,100
10211,2018,17,3,,,,,,2,4,1,4,137,2,1,9,,1,4,40,3,4,2,4,43,26,5,7,11.46153846,43,1,149,58,91,23,151,1,34,3,9,16,87,27,2,35,72,79,22,96,100
10192,2018,19,3,,,1,,,3,3,,3,202,,7,24,,5,4,68,13,2,2,4,50,8,28,,17.91666667,68,2,215,121,94,32,215,1,26,0,8,27,46,108,11,50,48,167,31,91,100
10154,2018,13,4,,,,,,2,4,1,4,243,,2,32,14,2,10,46,6,5,2,6,35,55,41,2,18.42857143,55,2,258,112,146,26,258,1,50,2,12,18,13,170,,75,105,153,25,97,101
10207,2018,19,3,,,,,,2,4,1,4,351,,,26,24,2,25,36,7,3,26,23,101,37,55,,30.41666667,101,2,365,120,245,41,365,1,27,5,7,38,91,111,29,134,48,317,40,86,95
10141,2018,14,3,,,,,,2,3,,3,188,,,10,,,2,67,12,5,5,3,30,38,27,,19.9,67,2,199,91,108,21,199,2,29,3,6,15,96,54,,49,63,136,20,83,92
10133,2018,9,3,,,2,,,2,3,,3,117,,2,6,6,2,3,23,8,5,2,6,27,27,11,2,9.285714286,27,2,130,50,80,18,130,2,27,0,10,10,16,93,,21,76,54,17,95,101
10196,2018,18,3,,,1,,,2,4,1,4,170,,5,14,9,9,3,42,4,9,2,6,43,15,23,1,13.21428571,43,1,185,86,99,30,185,1,24,5,10,21,20,129,,36,74,111,29,100,100
10183,2018,23,3,,,1,,,3,3,,3,169,,,9,,2,3,36,16,5,2,5,40,29,23,12,15.16666667,40,2,182,66,116,29,182,1,24,4,8,22,11,78,21,72,60,122,28,91,94
10195,2018,26,5,,,1,,,2,4,1,4,480,5,9,51,35,15,41,82,36,10,8,28,79,55,38,5,35.14285714,82,5,492,269,223,61,497,1,32,18,9,57,105,276,10,106,101,396,60,100,100
10142,2018,12,5,,,,,,2,5,1,5,177,,,9,,,2,50,3,3,2,2,58,31,35,,19.5,58,2,195,64,131,25,195,1,25,2,6,20,56,70,,69,36,159,24,88,97
10118,2018,24,4,,,,,,2,4,1,4,253,,22,6,17,5,4,73,10,3,3,6,63,47,9,,20.61538462,73,3,268,137,131,34,268,1,36,8,11,26,13,154,15,86,83,185,33,94,101
10122,2018,18,6,1,,,,,2,6,4,6,290,,9,17,19,37,21,37,14,6,19,10,87,38,1,,24.23076923,87,1,315,154,161,38,315,1,45,7,12,30,50,179,7,79,126,189,37,88,101
10189,2018,28,3,,,,,,2,3,,3,281,2,3,15,1,,21,35,4,6,2,50,90,32,7,24,22.30769231,90,1,290,79,211,35,292,1,29,6,10,29,38,126,5,123,63,229,34,98,101
10125,2018,22,5,,,1,,,2,5,1,5,404,,21,22,5,19,8,76,16,24,11,33,58,79,51,,32.53846154,79,5,423,167,256,46,423,1,43,7,9,41,163,116,3,141,72,351,45,92,100
10138,2018,12,5,,,,,,3,4,,4,305,2,9,13,1,1,9,69,7,8,12,30,94,23,42,1,22.78571429,94,1,319,109,210,39,321,1,27,8,12,32,92,114,15,100,68,253,38,94,100
10146,2018,15,3,,,,,,2,4,1,4,141,,,12,2,,4,23,10,3,2,4,35,24,33,3,12.91666667,35,2,155,51,104,21,155,2,25,3,7,14,63,37,23,32,51,104,20,86,92
10191,2018,23,6,1,1,,,,2,4,3,4,392,4,2,20,6,6,53,80,16,23,11,63,94,27,5,3,29.21428571,94,2,409,183,226,46,413,1,44,9,11,41,56,145,2,210,115,298,45,99,103
10172,2018,13,3,,,1,,,3,3,,3,200,,3,16,5,2,9,46,5,12,8,4,43,28,24,8,15.21428571,46,2,213,86,127,24,213,2,24,2,10,15,14,147,3,49,87,126,23,96,100
10126,2018,18,7,2,,,,,2,5,1,5,369,1,3,20,10,2,20,57,17,12,9,30,142,60,6,2,27.85714286,142,2,390,129,261,39,391,1,45,6,12,33,22,267,2,100,118,273,38,97,101
10181,2018,15,3,,,,,,2,4,1,4,83,,,10,,,2,28,,,7,1,21,15,1,12,10.77777778,28,1,97,40,57,16,97,1,26,2,5,13,1,54,8,34,48,49,15,92,92
10147,2018,47,5,,,,,,2,4,2,4,245,2,2,14,,,4,73,15,7,3,6,72,36,26,2,21.66666667,73,2,260,108,152,37,262,1,26,4,8,31,71,86,11,94,51,211,36,97,100
10209,2018,47,4,,1,1,,,2,4,,4,567,5,18,53,14,27,25,65,28,13,31,91,128,50,31,4,41.28571429,128,4,578,230,348,69,583,1,42,13,12,62,130,179,9,265,93,490,68,99,100
10185,2018,24,5,,,,,,2,5,3,5,268,1,5,26,9,,18,53,4,7,3,9,91,55,7,,23.91666667,91,3,287,115,172,34,288,1,41,7,9,30,18,116,12,142,60,228,33,93,102
24956,2018,17,2,,1,,,,1,2,,2,156,3,,14,9,3,4,39,11,6,13,2,6,,43,11,13.41666667,43,2,161,80,81,30,164,1,20,1,11,23,25,70,3,66,55,109,29,91,94
10136,2018,10,2,,,1,,,2,2,,2,173,2,,2,,,,39,13,,,2,54,39,27,4,22.5,54,2,180,54,126,21,182,1,23,3,3,18,4,102,19,57,41,141,20,93,95
10213,2018,44,5,,,,,,2,4,4,4,458,3,5,18,8,6,45,77,20,4,17,4,132,86,49,3,33.85714286,132,3,474,179,295,53,477,1,48,11,9,45,105,177,18,177,68,409,52,102,102
10123,2018,23,3,,,,,,2,3,,3,348,,,14,12,3,22,55,8,4,5,10,78,91,57,,29.91666667,91,3,359,114,245,32,359,1,49,4,10,24,40,259,8,52,101,258,31,86,95
10166,2018,15,7,,,1,,,3,4,,4,215,1,2,13,3,1,2,66,12,3,3,4,63,53,8,,17.92307692,66,1,233,99,134,25,234,1,38,2,11,17,28,116,7,83,70,164,24,92,101
10174,2018,46,5,,,,,,2,4,1,4,493,5,20,18,9,7,43,65,42,20,12,29,140,49,48,2,36,140,2,504,204,300,61,509,1,43,11,11,56,66,266,,177,118,391,60,98,102
10202,2018,25,3,,,,,,7,3,,3,302,,,16,,6,3,107,13,4,2,3,96,14,54,,28.90909091,107,2,318,145,173,27,318,1,45,3,7,22,19,138,17,144,55,263,26,84,92
10165,2018,18,3,,,2,,,2,3,,3,150,,1,10,4,1,2,37,9,4,2,2,74,6,11,,12.53846154,74,1,163,64,99,28,163,1,35,3,11,19,8,121,8,26,66,97,27,92,101
10121,2018,15,4,,1,,,,2,4,,4,149,,2,13,1,,2,33,14,6,3,9,36,19,4,22,12.61538462,36,1,164,65,99,23,164,1,23,2,11,15,,123,20,21,89,75,22,98,101
10175,2018,19,5,,,,,,2,4,,4,263,,3,14,15,4,7,39,12,24,8,8,63,50,10,21,19.85714286,63,3,278,94,184,38,278,1,26,3,11,30,53,143,9,73,73,205,37,99,100
10179,2018,13,3,,1,1,,,3,3,,3,213,,7,15,5,6,3,45,5,7,5,4,73,35,17,,17.46153846,73,3,227,86,141,29,227,1,37,5,11,22,15,117,13,82,72,155,28,93,100
10199,2018,28,5,,,,,,2,4,,4,313,3,7,15,11,2,6,68,52,5,3,28,75,30,20,3,23.21428571,75,2,325,161,164,49,328,1,29,12,9,44,95,141,3,89,59,269,48,101,101
10214,2018,16,4,,,1,,,2,3,1,3,224,,1,13,,,15,61,15,5,2,2,56,28,37,3,19.83333333,61,1,238,105,133,32,238,1,25,4,8,24,89,88,10,51,44,194,31,96,100
10119,2018,11,3,,,1,,,2,3,,3,181,2,3,2,1,,4,34,7,6,7,11,36,61,19,,15.91666667,61,1,191,51,140,26,193,1,39,2,10,17,3,131,5,54,84,109,25,92,101
10134,2018,13,5,,1,,,,2,4,1,4,337,3,19,28,18,12,30,44,12,9,14,39,63,42,3,18,25.07142857,63,3,351,163,188,50,354,1,34,11,12,44,29,151,17,157,75,279,49,98,101
10162,2018,25,4,,,,,,2,3,,3,277,1,3,16,5,1,2,66,13,4,3,2,65,68,38,2,20.57142857,68,1,288,106,182,41,289,1,35,8,11,33,28,158,7,96,68,221,40,100,100
10161,2018,13,4,,,2,,,2,3,,3,295,,3,22,12,10,24,58,7,12,19,20,42,32,21,27,22.07142857,58,3,309,136,173,35,309,1,45,5,13,32,16,195,11,87,120,189,34,101,101
10178,2018,4,5,,,,,,2,6,2,6,108,,7,8,1,,11,21,1,6,,6,12,27,2,27,10.75,27,1,129,49,80,22,129,1,23,3,8,15,11,82,6,30,67,62,21,99,100
10150,2018,8,4,,,1,,,2,3,,3,161,,2,14,,,5,55,2,7,4,4,30,27,20,4,14.5,55,2,174,78,96,31,174,1,15,1,9,23,53,17,25,79,52,122,30,98,100
10171,2018,26,4,,,1,,,2,5,1,5,220,,2,14,3,1,13,42,12,3,2,2,91,46,6,1,17,91,1,238,87,151,34,238,1,31,4,12,23,11,128,1,98,83,155,33,97,100
10182,2018,14,3,,1,1,,,3,3,,3,155,,7,15,9,,2,21,,3,5,4,63,7,15,18,14.08333333,63,2,169,54,115,21,169,1,49,1,10,13,5,57,,107,117,52,20,98,101
10144,2018,14,5,,1,1,,,2,5,1,5,145,,,8,,,2,40,6,4,11,2,28,36,9,19,15,40,2,165,56,109,20,165,2,22,2,8,15,53,61,,51,57,108,19,89,92
10187,2018,21,3,,,,,,2,3,,3,198,,,14,2,,2,44,2,3,7,2,65,24,30,14,17.41666667,65,2,209,64,145,24,209,1,36,1,11,18,46,84,2,77,59,150,23,91,94
10217,2018,12,2,,,,,,2,2,,2,94,,2,,5,,2,15,1,7,2,5,15,6,10,32,8.5,32,1,102,25,77,19,102,1,30,0,9,11,50,48,1,3,64,38,18,97,100
10160,2018,23,4,,2,,,,2,4,,4,346,4,,9,2,2,6,63,28,8,4,45,84,51,40,16,27.53846154,84,2,358,110,248,39,362,1,39,5,9,35,31,239,1,91,73,289,38,92,95
10170,2018,35,5,,,,,,2,4,,4,331,,5,24,10,9,44,80,20,5,11,41,67,24,4,2,24.71428571,80,2,346,192,154,42,346,1,30,10,10,35,130,166,,50,85,261,41,97,101
23941,2018,12,3,,,,,,2,3,,3,146,,,18,3,2,2,32,4,21,2,2,40,14,14,3,12.07692308,40,2,157,61,96,21,157,1,23,1,9,13,19,45,10,83,81,76,20,91,95
10206,2018,20,5,,,,,,3,5,1,5,375,,7,21,12,15,26,78,7,15,12,38,83,40,32,8,28.14285714,83,7,394,166,228,60,394,1,26,16,10,54,58,169,27,140,57,337,59,96,100
10205,2018,17,3,,,,,,2,3,,3,295,,,17,,2,7,75,8,5,2,10,62,57,58,3,25.5,75,2,306,109,197,32,306,1,42,7,7,27,95,80,7,124,46,260,31,93,97
10190,2018,10,5,,,1,,,2,5,2,5,222,9,2,24,,,2,41,17,5,2,2,68,25,43,2,19.41666667,68,2,233,86,147,35,242,1,36,7,10,28,6,69,31,136,48,194,34,96,101
10188,2018,19,5,,,1,,,2,4,1,4,200,,5,27,8,,3,57,2,4,17,2,54,34,4,,18.08333333,57,2,217,102,115,30,217,1,23,4,10,22,17,40,20,140,56,161,29,93,101
10198,2018,19,3,,,,,,2,3,,3,221,3,15,26,14,,23,48,6,3,3,5,52,24,10,,19.08333333,52,3,229,132,97,32,232,1,25,6,10,23,39,139,1,53,91,141,31,92,100
10167,2018,23,5,,,,,,2,5,1,5,286,,,15,7,2,,80,9,6,7,2,53,81,42,,27.63636364,81,2,304,113,191,29,304,2,49,3,10,22,21,189,13,81,80,224,28,87,95
10149,2018,6,3,,,,,,2,3,,3,128,,,14,2,,2,30,4,9,22,5,24,17,10,,12.63636364,30,2,139,52,87,21,139,1,22,2,8,13,74,52,1,12,62,77,20,86,94
10210,2018,18,3,,1,,,,2,4,1,4,205,1,6,13,,,4,67,3,5,3,29,39,5,45,,19.90909091,67,3,219,93,126,28,220,1,25,4,8,23,109,69,3,39,54,166,27,91,100
10140,2018,15,3,,,1,,,2,3,,3,125,,,12,,,2,39,2,8,2,9,26,19,18,,13.7,39,2,137,55,82,25,137,1,26,1,7,18,54,43,2,38,51,86,24,85,94
10212,2018,9,3,,1,,,,2,3,,3,160,,,17,2,3,3,56,4,5,4,5,55,13,5,,14.33333333,56,2,172,85,87,24,172,1,23,0,9,15,87,29,5,51,68,104,23,87,96
10194,2018,7,3,,,,,,2,3,,3,76,,2,13,4,1,2,22,5,5,3,2,18,1,9,,6.692307692,22,1,87,49,38,17,87,1,20,0,10,8,15,59,,13,57,30,16,91,100
10145,2018,9,5,,,1,,,2,5,1,5,204,7,14,13,2,10,11,48,6,17,5,5,42,34,9,,16.61538462,48,2,216,104,112,27,223,1,30,2,10,19,106,35,2,80,92,131,26,91,100
10135,2018,17,5,,,1,,,2,4,3,4,210,,,30,1,2,26,48,8,7,19,9,53,21,5,,19.08333333,53,1,229,115,114,37,229,1,19,5,8,32,38,110,,81,58,171,36,88,97
10139,2018,9,5,,,1,,,2,4,,4,116,,,14,3,,3,17,12,2,2,2,43,27,7,,12,43,2,132,49,83,19,132,2,21,1,6,13,41,32,,59,43,89,18,85,94
15363,2018,10,2,,,,,,1,2,,2,113,,,21,,,1,12,,3,2,5,39,32,5,,13.33333333,39,1,120,34,86,15,120,1,27,0,6,10,19,40,18,43,34,86,14,84,95
10129,2018,13,3,,,1,,,2,4,1,4,175,,5,21,3,1,8,55,4,10,10,14,57,2,,,15.83333333,57,1,190,97,93,21,190,1,32,1,11,14,34,120,2,34,88,102,20,82,100
15381,2018,4,1,,,,,,,1,,1,73,,,11,3,,27,14,,,21,,,,,,15.2,27,3,76,55,21,9,76,2,21,1,2,7,13,49,,14,5,71,8,56,93
23959,2018,7,2,,,1,,,2,2,,2,78,,,16,15,3,16,37,,,,,,,,,17.4,37,3,87,87,0,9,87,2,25,1,5,5,2,39,24,22,53,34,8,28,94
9767,2019,12,3,,,2,,3,4,3,,3,268,,22,12,2,4,15,47,14,7,6,4,41,23,52,37,20.42857143,52,2,286,116,170,27,286,2,35,5,12,16,135,63,1,87,108,178,26,99,104
9779,2019,35,3,,,3,,2,4,3,,3,357,8,29,9,36,29,15,60,8,1,6,,49,56,38,31,28.23076923,60,1,367,186,181,45,375,1,35,10,10,39,98,101,23,153,87,288,44,103,103
9746,2019,8,5,,,3,,1,5,5,,5,403,,13,24,4,5,29,50,16,8,8,2,21,116,68,63,30.5,116,2,427,141,286,44,427,1,38,8,10,39,121,102,40,164,76,351,43,101,103
12668,2019,36,3,,,1,,4,4,3,,3,308,2,14,19,6,5,4,65,5,7,5,3,42,75,29,45,23.14285714,75,3,324,118,206,36,326,1,35,7,12,28,132,46,3,145,107,219,35,100,102
9785,2019,14,4,,,2,,1,3,5,1,5,259,,12,20,20,8,10,61,7,3,3,6,6,53,47,24,20,61,3,280,138,142,37,280,1,48,9,13,28,133,40,18,89,108,172,36,97,102
9814,2019,13,3,,1,,,,1,4,1,4,230,,2,4,20,5,,9,6,,3,,4,31,23,137,22.18181818,137,2,244,46,198,21,244,2,46,1,10,15,28,128,37,51,85,159,20,99,101
9819,2019,23,4,,,,,,2,4,,4,229,,2,5,17,3,4,40,7,,2,4,8,54,87,10,18.69230769,87,2,243,78,165,31,243,1,35,5,11,23,35,121,4,83,74,169,30,98,101
9818,2019,12,3,,2,1,,1,2,5,2,5,242,,14,17,5,4,,26,8,,3,1,31,30,21,103,21.91666667,103,1,263,74,189,24,263,1,70,2,10,18,24,161,5,73,117,146,23,99,101
9739,2019,29,4,,,1,,,2,5,1,5,387,,3,26,2,5,4,93,7,,3,4,44,53,83,78,31.15384615,93,2,405,140,265,36,405,1,54,5,11,27,141,107,33,124,89,316,35,99,104
6069,2019,8,3,,1,,,,1,4,1,4,108,,2,5,14,2,3,21,4,,2,2,2,,3,62,10.16666667,62,2,122,51,71,17,122,2,28,0,11,8,84,13,,25,82,40,16,100,102
9743,2019,11,3,,,2,,1,3,3,,3,111,,10,2,12,3,9,34,7,,3,3,10,,22,11,10.5,34,2,126,77,49,25,126,1,18,3,11,15,74,24,4,24,65,61,24,99,103
9771,2019,12,3,,2,1,,3,1,3,,3,202,,7,17,24,5,7,2,5,,6,5,39,2,14,85,16.76923077,85,2,218,67,151,22,218,1,58,2,10,14,62,69,37,50,98,120,21,101,104
9800,2019,9,3,,,1,,3,2,3,,3,166,,11,25,3,,8,2,4,6,3,,12,13,34,60,15.08333333,60,2,181,53,128,20,181,1,30,2,11,11,96,15,20,50,99,82,19,101,103
9836,2019,15,5,,,1,,1,3,5,1,5,200,3,6,21,2,,9,22,6,3,3,3,16,29,33,65,16.76923077,65,2,218,66,152,25,221,2,36,5,11,15,97,53,28,43,103,118,24,103,104
9749,2019,9,4,,,1,,,1,5,1,5,178,,2,20,4,3,4,2,3,,5,2,2,47,24,77,15,77,2,195,38,157,19,195,2,45,1,11,10,25,116,3,51,81,114,18,99,101
9824,2019,4,4,,,1,,2,4,4,,4,141,,9,24,3,3,3,29,4,,4,,6,30,12,33,13.33333333,33,3,160,75,85,20,160,2,30,2,10,10,113,12,,35,105,55,19,99,100
9736,2019,7,5,,,1,,1,3,5,,5,170,,5,4,30,5,4,28,2,5,6,2,3,19,49,28,13.57142857,49,2,190,78,112,25,190,1,27,3,13,15,122,30,14,24,108,82,24,98,102
9789,2019,24,4,,1,1,,,2,5,1,5,334,,6,22,44,9,9,68,5,8,4,4,24,57,74,19,25.21428571,74,4,353,163,190,35,353,1,40,5,13,27,143,75,7,128,106,247,34,99,102
9741,2019,19,4,,,,,,2,5,2,5,381,6,22,25,20,4,17,46,19,14,6,19,17,61,99,24,28.07142857,99,4,393,153,240,36,399,2,57,8,12,28,162,79,17,141,108,291,35,101,102
9731,2019,26,3,,,1,,1,3,3,,3,459,2,51,19,16,12,24,79,20,3,6,3,36,34,147,21,33.64285714,147,3,471,221,250,50,473,1,46,14,7,48,206,136,5,126,72,401,49,104,104
9759,2019,31,4,,1,1,,2,2,5,2,5,161,,10,15,2,3,7,28,6,3,6,2,2,8,15,76,13.07142857,76,2,183,71,112,27,183,1,36,6,3,26,86,72,3,22,22,161,26,102,104
9842,2019,54,4,,1,1,,1,2,4,,4,539,37,48,41,13,23,27,71,9,15,13,20,55,29,57,98,37.07142857,98,9,519,232,287,53,556,1,51,11,7,52,73,249,62,172,81,475,52,103,104
9772,2019,10,2,,,,,,1,2,,2,109,,5,3,14,4,12,2,3,,3,,15,29,2,24,9.666666667,29,2,116,43,73,17,116,1,29,0,9,9,65,10,4,37,61,55,16,97,100
9844,2019,20,4,,1,2,,1,3,7,5,7,376,,86,15,15,9,16,73,6,7,3,3,28,40,75,30,29,86,3,406,220,186,36,406,1,46,6,12,31,83,174,41,108,125,281,35,99,104
9760,2019,11,2,,,1,,1,1,3,1,3,124,,,,18,6,,8,,,2,,10,24,13,55,17,55,2,136,32,104,18,136,1,26,3,5,14,39,56,19,22,70,66,17,87,87
7175,2019,8,3,,,1,,1,3,3,1,3,155,,8,14,2,5,10,41,5,4,3,4,17,26,26,5,12.14285714,41,2,170,85,85,21,170,1,26,1,12,11,102,16,,52,86,84,20,97,102
9770,2019,18,4,,,1,,6,8,4,,4,176,,7,11,20,,2,42,14,,5,,28,30,11,33,18.45454545,42,2,203,96,107,28,203,1,27,0,10,19,91,37,2,73,85,118,27,98,100
9831,2019,15,3,,1,4,,1,4,3,,3,361,,5,11,35,12,8,94,13,1,7,,33,85,34,42,29.23076923,94,1,380,178,202,44,380,1,46,6,10,38,106,77,29,168,79,301,43,97,100
9776,2019,12,3,,,1,,3,2,3,,3,82,,7,3,13,4,4,27,6,,3,,6,,12,12,8.818181818,27,3,97,64,33,18,97,2,22,0,10,9,54,12,10,21,55,42,17,97,100
9777,2019,8,3,,1,2,,1,2,3,,3,269,,7,37,19,14,13,12,7,8,3,,11,72,39,42,21.84615385,72,3,284,109,175,28,284,1,38,7,10,23,106,70,30,78,82,202,27,98,100
9780,2019,12,3,,,2,,1,3,3,,3,204,,6,17,2,4,12,49,7,,3,,6,48,43,22,18.25,49,2,219,97,122,33,219,1,19,7,10,26,75,51,23,70,65,154,32,98,100
9738,2019,16,4,,,1,,,2,5,1,5,468,,34,31,13,6,9,86,9,27,4,3,38,91,76,59,34.71428571,91,3,486,188,298,44,486,1,47,10,12,36,171,83,14,218,108,378,43,100,102
9729,2019,40,3,,1,2,,1,3,3,,3,276,,25,3,2,18,26,70,11,7,5,4,26,,32,63,22.46153846,70,2,292,155,137,28,292,2,42,7,11,18,76,106,,110,85,207,27,102,104
9817,2019,14,3,,,1,,1,5,4,1,4,174,,21,4,3,3,5,74,8,,3,2,4,47,13,6,14.84615385,74,2,193,118,75,27,193,1,34,5,12,19,8,131,2,52,98,95,26,100,101
9728,2019,13,2,,2,1,,1,1,3,1,3,205,,6,20,3,3,7,13,5,,7,3,27,,55,70,18.25,70,3,219,57,162,21,219,1,38,1,10,12,61,76,16,66,71,148,20,101,104
9773,2019,7,4,,,,,,2,5,3,5,135,,11,25,22,6,4,27,6,,,,3,21,6,23,14,27,3,154,101,53,20,154,1,25,1,10,12,99,15,1,39,91,63,19,98,100
9775,2019,15,2,,1,1,,1,1,3,1,3,171,,9,6,24,9,5,5,3,,5,,5,2,13,98,15.33333333,98,2,184,61,123,18,184,1,54,2,9,11,94,21,26,43,92,92,17,98,100
5060,2019,15,5,,,1,,1,3,7,2,7,307,,,5,35,,,64,20,2,4,13,39,28,24,99,30.27272727,99,2,333,124,209,27,333,1,58,3,9,24,98,112,80,43,139,194,26,93,94
9801,2019,13,3,,,2,,1,3,3,,3,123,,6,2,12,4,3,32,5,3,5,3,14,,35,14,10.61538462,35,2,138,64,74,21,138,1,32,0,11,11,101,26,,11,74,64,20,98,103
9733,2019,11,3,,,1,,2,3,3,,3,124,,8,8,24,4,5,45,7,,2,,4,19,7,6,11.58333333,45,2,139,101,38,20,139,2,25,1,10,10,77,9,4,49,73,66,19,95,100
9812,2019,21,3,,,1,,2,3,4,1,4,189,,5,12,2,4,6,56,5,,4,,10,41,32,30,17.25,56,2,207,90,117,27,207,2,28,3,9,19,101,28,13,65,67,140,26,100,102
9802,2019,12,3,,,1,,1,4,3,,3,200,,5,2,29,4,4,33,4,2,4,6,17,6,70,29,15.35714286,70,2,215,81,134,29,215,1,31,2,12,20,113,30,9,63,88,127,28,100,103
9787,2019,9,3,,,1,,1,3,3,,3,167,,16,5,1,7,3,47,9,4,3,3,9,6,44,24,12.92857143,47,1,181,88,93,24,181,1,26,5,12,12,83,29,1,68,82,99,23,100,103
9827,2019,13,5,,1,3,,3,3,6,1,6,217,,12,18,6,3,3,46,8,,3,3,3,67,34,39,18.84615385,67,3,245,96,149,31,245,1,28,1,13,21,95,38,14,98,92,153,30,97,100
9806,2019,35,3,,,1,,2,3,4,1,4,482,7,56,22,16,3,54,81,15,1,3,13,23,105,73,28,35.21428571,105,1,493,247,246,51,500,1,45,14,11,44,163,246,,91,105,395,50,103,103
9769,2019,14,3,,1,1,,1,1,3,,3,217,,31,17,17,8,6,3,5,3,7,,4,7,27,95,17.69230769,95,3,230,87,143,29,230,1,61,7,10,23,91,6,70,63,88,142,28,99,100
9803,2019,16,3,,,,,,2,3,,3,184,9,3,6,11,3,5,44,8,,2,2,20,30,35,17,14.30769231,44,2,186,80,106,29,195,1,23,4,11,20,21,97,3,74,63,132,28,96,101
9778,2019,21,3,,,1,,1,3,3,,3,171,3,6,25,2,3,4,58,6,,3,2,27,29,14,3,14,58,2,182,104,78,29,185,1,22,1,11,19,75,40,11,59,68,117,28,95,100
9751,2019,26,3,,1,2,,4,5,3,,3,338,,20,25,11,7,38,73,18,3,3,5,23,53,52,28,25.64285714,73,3,359,192,167,38,359,1,29,4,10,30,157,74,13,115,84,275,37,97,101
9833,2019,11,3,,,1,,1,3,3,,3,139,,7,26,4,3,6,39,9,3,,3,3,,44,6,12.75,44,3,153,94,59,22,153,1,28,4,11,14,12,111,11,19,82,71,21,100,104
9810,2019,19,3,,,2,,1,4,3,,3,395,,23,10,9,16,47,64,14,,11,6,33,66,75,37,31.61538462,75,6,411,183,228,37,411,1,36,4,11,29,58,213,,140,113,298,36,97,101
9793,2019,17,4,,,1,,2,3,5,1,5,180,,18,14,4,2,3,59,6,5,4,3,2,28,30,23,14.35714286,59,2,201,106,95,27,201,1,36,3,12,17,94,69,12,26,89,112,26,99,102
17379,2019,18,4,,,2,,1,3,4,,4,283,3,33,19,7,7,5,66,5,6,12,4,8,15,78,33,21.28571429,78,4,298,142,156,44,301,1,45,8,2,44,97,67,45,92,31,270,43,102,104
9795,2019,11,3,,4,2,,,2,3,,3,169,,,2,5,3,5,47,6,2,4,2,19,14,41,36,14.30769231,47,2,186,68,118,24,186,2,27,0,10,17,114,24,5,43,46,140,23,92,96
9781,2019,13,3,,3,1,,3,2,5,2,5,231,,7,14,20,3,4,94,10,,3,4,,,2,94,23.18181818,94,2,255,152,103,19,255,2,59,1,10,13,115,98,30,12,141,114,18,100,102
9768,2019,10,3,,,3,,1,3,3,,3,127,5,32,2,2,4,6,31,7,2,,,13,,36,3,12.54545455,36,2,138,84,54,20,143,1,27,0,10,10,99,18,,26,80,63,19,98,104
7176,2019,12,3,,,1,,1,3,4,1,4,217,,6,3,39,3,3,55,10,4,3,2,3,30,21,52,16.71428571,55,2,234,119,115,24,234,1,41,0,13,13,113,28,36,57,90,144,23,99,102
9837,2019,27,4,,1,1,,1,3,5,1,5,317,12,42,12,12,11,31,52,7,4,4,12,7,21,81,30,23.28571429,81,4,326,167,159,39,338,1,50,8,12,35,56,121,23,138,91,247,38,102,104
9763,2019,14,4,,,1,,1,3,4,,4,261,,24,1,5,9,23,46,27,6,7,4,25,8,70,23,19.85714286,70,1,278,135,143,30,278,1,51,7,12,19,133,48,5,92,90,188,29,99,104
9754,2019,20,3,,,2,,1,3,3,,3,246,,9,15,14,17,4,76,5,,4,,6,21,78,12,21.75,78,4,261,140,121,33,261,2,45,5,10,25,134,71,,56,104,157,32,96,100
9790,2019,20,3,,,2,,1,4,3,1,3,329,,5,27,13,3,20,92,10,,2,2,33,44,52,43,26.61538462,92,2,346,170,176,35,346,1,34,8,11,27,114,68,21,143,77,269,34,99,102
9811,2019,5,3,,1,1,,1,2,3,,3,231,,32,5,2,3,4,82,11,,4,3,17,16,13,53,18.84615385,82,2,245,139,106,26,245,1,49,3,11,18,9,134,26,76,92,153,25,98,101
13617,2019,11,4,,1,1,,1,3,4,2,4,265,,,5,2,,59,23,16,5,2,17,30,19,65,42,23.75,65,2,285,105,180,33,285,1,44,6,11,25,92,47,21,125,76,209,32,93,96
9792,2019,22,4,,1,1,,1,3,4,,4,182,,11,3,18,3,,35,7,3,3,3,2,30,28,54,15.38461538,54,2,200,77,123,28,200,2,29,4,12,20,107,46,7,40,90,110,27,99,102
9804,2019,11,4,,,2,,,3,6,2,6,206,,5,9,17,2,3,42,6,1,3,3,5,41,64,28,16.35714286,64,1,229,84,145,28,229,1,33,1,12,17,14,128,14,73,88,141,27,97,102
9755,2019,12,3,,,1,,1,3,3,,3,160,4,32,5,,5,8,50,5,4,4,3,3,6,27,18,13.07692308,50,3,170,105,65,24,174,1,37,2,11,16,25,94,1,54,82,92,23,100,104
9839,2019,38,4,,,,,,1,6,2,6,1273,56,35,86,14,75,81,253,60,36,36,13,120,81,166,180,88.28571429,253,13,1236,604,632,78,1292,1,79,22,13,77,311,515,11,455,104,1188,77,103,104
9745,2019,19,4,,1,,,,2,5,1,5,265,,26,19,3,4,5,29,9,10,6,9,13,24,88,38,20.21428571,88,3,283,95,188,34,283,1,46,6,12,28,122,77,33,51,83,200,33,100,104
9821,2019,13,3,,1,1,,,2,3,,3,448,,31,15,25,11,39,96,12,,35,5,61,75,39,17,35.46153846,96,5,461,229,232,44,461,1,32,10,10,36,166,146,5,144,119,342,43,99,100
9823,2019,11,3,,1,1,,1,3,3,,3,163,,6,2,15,4,3,61,8,,3,,3,43,24,6,14.83333333,61,2,178,99,79,20,178,1,25,0,10,10,78,45,,55,70,108,19,95,100
9816,2019,8,4,,,1,,1,3,5,1,5,182,,14,9,2,3,3,48,7,,2,3,6,41,37,27,15.53846154,48,2,202,86,116,27,202,2,25,5,11,18,12,102,4,84,73,129,26,97,101
10240,2019,13,4,,,2,,1,2,5,1,5,222,,6,6,27,3,5,76,13,,2,,2,6,38,58,20.16666667,76,2,242,136,106,28,242,1,39,1,10,19,103,43,9,87,87,155,27,99,100
9830,2019,12,3,,,1,,3,3,3,,3,173,,34,2,7,4,7,59,6,,,,3,42,16,9,17.18181818,59,2,189,119,70,26,189,1,22,7,9,18,89,47,21,32,71,118,25,98,100
9835,2019,16,4,,,1,,1,2,4,,4,200,,12,25,4,4,10,33,7,6,4,5,5,,33,68,16.61538462,68,4,216,95,121,27,216,2,37,5,12,18,71,86,22,37,108,108,26,103,104
9791,2019,29,3,,,3,,1,3,3,,3,282,15,9,8,17,3,8,66,9,4,5,3,33,61,39,18,20.21428571,66,3,283,120,163,40,298,1,47,10,12,33,134,68,22,74,99,199,39,100,104
9765,2019,22,3,,,,,,2,3,,3,223,,9,8,32,10,24,26,8,10,24,2,6,30,34,11,16.71428571,34,2,234,117,117,37,234,1,30,10,12,28,103,8,9,114,98,136,36,100,104
9796,2019,15,4,,,2,,1,3,4,,4,340,,7,9,32,8,16,48,13,3,35,3,37,20,69,58,25.57142857,69,3,358,133,225,40,358,1,37,4,12,33,85,70,49,154,74,284,39,99,103
9753,2019,11,4,,,2,,1,3,7,3,7,343,,6,38,9,10,16,121,10,,5,1,6,75,52,21,28.46153846,121,1,370,210,160,40,370,1,45,9,10,30,137,71,,162,80,290,39,97,100
9774,2019,7,4,,,,,,2,4,1,4,149,,8,27,9,3,3,17,2,,2,4,3,57,8,21,12.61538462,57,2,164,69,95,24,164,1,45,3,11,14,95,21,13,35,73,91,23,100,101
9732,2019,7,4,,,2,,1,4,5,1,5,118,,5,4,23,5,8,15,7,,1,,4,6,24,38,11.66666667,38,1,140,67,73,16,140,1,24,0,11,5,79,41,,20,97,43,15,102,104
6108,2019,11,5,,,2,,1,3,6,1,6,131,,,,15,2,3,46,5,,2,,3,24,22,33,15.5,46,2,155,71,84,21,155,2,35,3,10,13,90,18,16,31,88,67,20,90,90
9786,2019,22,4,,,1,,,2,5,2,5,235,,25,14,20,3,5,33,5,3,3,5,14,40,37,47,18.14285714,47,3,254,105,149,25,254,1,43,3,13,17,121,37,29,67,93,161,24,101,102
9761,2019,10,4,,,2,,1,3,4,,4,104,3,11,9,1,,5,16,7,2,3,3,,1,31,30,9.916666667,31,1,119,49,70,20,122,1,25,4,10,11,65,36,8,13,84,38,19,102,104
9798,2019,10,3,,1,1,,1,2,3,,3,206,,6,6,14,3,7,22,1,3,,3,30,14,59,52,16.92307692,59,1,220,59,161,27,220,1,38,3,11,18,95,48,15,62,91,129,26,101,103
7169,2019,9,4,,,1,,1,3,6,2,6,131,,6,15,5,3,10,20,5,,3,3,7,,37,40,12.83333333,40,3,154,64,90,20,154,2,28,2,11,11,86,53,5,10,72,82,19,101,103
9838,2019,9,3,,5,1,,1,2,3,,3,257,,5,16,20,4,10,65,10,,2,,2,21,27,93,22.91666667,93,2,275,130,145,27,275,1,41,3,10,19,144,58,6,67,95,180,26,98,100
9752,2019,58,5,,1,1,,1,3,5,,5,685,1,23,10,2,13,57,137,15,8,4,2,42,145,157,90,50.35714286,157,2,705,257,448,48,706,1,69,15,10,42,288,147,50,221,92,614,47,98,100
12693,2019,30,5,,,1,,2,4,8,3,8,256,2,12,19,3,3,8,38,5,,2,5,,48,101,41,23.75,101,2,285,88,197,30,287,2,28,6,10,24,37,124,16,110,75,212,29,99,101
9782,2019,41,5,,1,2,,1,3,5,,5,333,1,31,11,7,5,6,41,10,7,7,3,17,86,93,30,25.28571429,93,3,354,111,243,42,355,1,52,7,12,34,125,164,18,48,71,284,41,100,102
7168,2019,13,2,,,1,,1,2,2,,2,114,,,,10,5,,2,,,3,,3,11,29,61,15.5,61,2,124,17,107,14,124,2,29,0,6,10,100,9,8,7,68,56,13,87,89
9843,2019,9,3,,,,,,2,3,,3,129,,3,12,3,,16,28,7,2,3,3,14,6,31,12,10.76923077,31,2,140,69,71,23,140,1,22,2,12,13,13,97,6,24,84,56,22,101,104
9815,2019,14,4,,2,2,,1,3,4,,4,213,,37,12,12,4,,43,7,,3,5,17,59,5,29,19.41666667,59,3,233,115,118,24,233,1,38,3,10,17,33,108,14,78,81,152,23,98,101
10143,2019,11,3,,1,2,,1,2,3,,3,160,,6,19,3,4,10,41,5,3,2,1,2,18,3,58,12.5,58,1,175,88,87,19,175,1,39,1,11,10,53,65,9,48,76,99,18,99,103
9784,2019,32,4,,,1,,1,3,4,,4,204,4,8,2,20,,10,31,8,5,3,2,24,42,20,42,16.69230769,42,2,217,79,138,30,221,1,34,6,12,21,122,49,5,45,115,106,29,98,102
9841,2019,12,3,,2,1,,1,2,3,,3,96,,6,9,2,3,7,27,9,3,2,,7,,4,32,9.25,32,2,111,63,48,15,111,1,31,0,10,7,26,77,,8,76,35,14,100,104
9840,2019,21,3,,,1,,1,4,3,,3,245,,6,8,12,,33,45,8,3,3,5,21,47,53,16,20,53,3,260,112,148,33,260,1,39,6,12,25,27,155,28,50,108,152,32,100,104
9756,2019,13,4,,,1,,1,3,5,1,5,262,,16,19,2,,5,52,10,3,,3,57,15,70,30,23.5,70,2,282,104,178,28,282,2,39,6,11,20,15,134,16,117,81,201,27,100,104
9757,2019,13,3,,1,3,1,3,3,3,,3,153,,5,12,4,3,6,53,10,6,3,2,2,,12,55,13.30769231,55,2,173,93,80,19,173,1,38,0,12,10,37,72,15,49,83,90,18,100,104
9825,2019,11,4,,,3,,1,4,6,2,6,201,5,6,22,,4,5,50,8,,2,,30,64,11,20,20.18181818,64,2,222,95,127,26,227,1,41,1,9,20,86,34,38,69,95,132,25,96,100
9748,2019,23,3,,,2,,1,3,4,1,4,372,20,6,9,15,3,31,69,13,,2,5,41,105,54,17,28.46153846,105,2,370,146,224,45,390,1,47,11,11,38,45,178,17,150,95,295,44,97,101
9828,2019,18,4,,,1,,3,3,4,,4,191,,9,5,19,3,6,33,5,,2,,18,56,17,37,17.5,56,2,210,80,130,25,210,2,37,1,11,17,75,24,42,69,73,137,24,95,100
9747,2019,10,3,,,2,,,2,3,1,3,196,,9,5,26,2,3,40,6,4,8,4,33,11,46,13,15,46,2,210,91,119,27,210,1,27,0,12,20,68,53,3,86,63,147,26,98,103
9799,2019,7,3,,,1,,1,3,3,,3,162,3,24,2,4,10,10,41,9,3,2,,,16,40,12,14.41666667,41,2,173,100,73,18,176,2,31,2,10,12,91,26,3,56,88,88,17,98,103
9734,2019,6,4,,,1,,1,3,4,,4,144,,15,16,2,8,11,25,9,,8,3,5,4,31,24,12.38461538,31,2,161,86,75,17,161,2,23,0,12,6,119,24,5,13,109,52,16,99,104
9829,2019,27,3,,,,,,2,3,,3,208,,18,7,23,4,5,70,13,,3,,13,40,18,5,18.25,70,3,219,140,79,30,219,1,24,3,10,22,129,43,,47,85,134,29,98,103
7170,2019,1,1,,,1,,3,2,1,,1,40,,7,,4,,,24,9,,,,5,,,,9.8,24,4,49,44,5,5,49,4,24,0,5,0,,49,,,49,,4,77,101
